Threshold,TP_Must_Have,TP_Should_Have,FN_Must_Have,FN_Should_Have,FP,Precision,Precision_Must_Have,Precision_Should_Have,Recall,Recall_Must_Have,Recall_Should_Have,F0.5_Score,F0.5_Score_Must_Have,F0.5_Score_Should_Have,F1_Score,F1_Score_Must_Have,F1_Score_Should_Have,F2_Score,F2_Score_Must_Have,F2_Score_Should_Have
1,4.0,0.0,1.0,5.0,37.0,0.0975609756097561,0.0975609756097561,0.0,0.4,0.8,0.0,0.1149425287356322,0.1183431952662722,0.0,0.15686274509803924,0.1739130434782609,0.0,0.24691358024691362,0.3278688524590164,0.0
2,4.0,0.0,1.0,5.0,17.0,0.19047619047619047,0.19047619047619047,0.0,0.4,0.8,0.0,0.2127659574468085,0.2247191011235955,0.0,0.25806451612903225,0.3076923076923077,0.0,0.3278688524590165,0.48780487804878053,0.0
5,4.0,0.0,1.0,5.0,7.0,0.36363636363636365,0.36363636363636365,0.0,0.4,0.8,0.0,0.3703703703703704,0.4081632653061225,0.0,0.380952380952381,0.5000000000000001,0.0,0.39215686274509814,0.6451612903225806,0.0
Best F1 Score at threshold 5,,,,,,,,,,,,,,,,,,,,
