Threshold,TP_Must_Have,TP_Should_Have,FN_Must_Have,FN_Should_Have,FP,Precision,Recall,F0.5_Score,F1_Score,F2_Score
1,4,0,1,5,37,0.0975609756097561,0.4,0.1149425287356322,0.15686274509803924,0.24691358024691362
2,4,0,1,5,17,0.19047619047619047,0.4,0.2127659574468085,0.25806451612903225,0.3278688524590165
5,4,0,1,5,7,0.36363636363636365,0.4,0.3703703703703704,0.380952380952381,0.39215686274509814
