Threshold,TP_Must_Have,TP_Should_Have,FN_Must_Have,FN_Should_Have,FP,Precision,Precision_Must_Have,Precision_Should_Have,Recall,Recall_Must_Have,Recall_Should_Have,F0.5_Score,F0.5_Score_Must_Have,F0.5_Score_Should_Have,F1_Score,F1_Score_Must_Have,F1_Score_Should_Have,F2_Score,F2_Score_Must_Have,F2_Score_Should_Have
1,2.0,4.0,0.0,0.0,36.0,0.14285714285714285,0.05263157894736842,0.1,1.0,1.0,1.0,0.17241379310344823,0.06493506493506494,0.12195121951219513,0.25,0.1,0.18181818181818182,0.4545454545454545,0.21739130434782608,0.35714285714285715
2,2.0,2.0,0.0,2.0,10.0,0.2857142857142857,0.16666666666666666,0.16666666666666666,0.6666666666666666,1.0,0.5,0.3225806451612903,0.19999999999999996,0.1923076923076923,0.4,0.2857142857142857,0.25,0.5263157894736843,0.5,0.35714285714285715
5,2.0,2.0,0.0,2.0,7.0,0.36363636363636365,0.2222222222222222,0.2222222222222222,0.6666666666666666,1.0,0.5,0.4,0.2631578947368421,0.25,0.4705882352941177,0.3636363636363636,0.30769230769230765,0.5714285714285715,0.5882352941176471,0.4
Best F1 Score at threshold 5,,,,,,,,,,,,,,,,,,,,
