Threshold,TP_Must_Have,TP_Should_Have,FN_Must_Have,FN_Should_Have,FP,Precision,Recall,F0.5_Score,F1_Score,F2_Score
1,2,4,0,0,36,0.14285714285714285,1.0,0.17241379310344823,0.25,0.4545454545454545
2,2,2,0,2,10,0.2857142857142857,0.6666666666666666,0.3225806451612903,0.4,0.5263157894736843
5,2,2,0,2,7,0.36363636363636365,0.6666666666666666,0.4,0.4705882352941177,0.5714285714285715
