Threshold,TP_Must_Have,TP_Should_Have,FN_Must_Have,FN_Should_Have,FP,Precision,Precision_Must_Have,Precision_Should_Have,Recall,Recall_Must_Have,Recall_Should_Have,F0.5_Score,F0.5_Score_Must_Have,F0.5_Score_Should_Have,F1_Score,F1_Score_Must_Have,F1_Score_Should_Have,F2_Score,F2_Score_Must_Have,F2_Score_Should_Have
1,2.0,5.0,0.0,0.0,35.0,0.16666666666666666,0.05405405405405406,0.125,1.0,1.0,1.0,0.19999999999999996,0.06666666666666667,0.15151515151515152,0.2857142857142857,0.10256410256410257,0.2222222222222222,0.5,0.22222222222222224,0.4166666666666667
2,2.0,3.0,0.0,2.0,9.0,0.35714285714285715,0.18181818181818182,0.25,0.7142857142857143,1.0,0.6,0.3968253968253968,0.2173913043478261,0.2830188679245283,0.4761904761904762,0.3076923076923077,0.35294117647058826,0.5952380952380952,0.5263157894736843,0.46875
3,2.0,3.0,0.0,2.0,9.0,0.35714285714285715,0.18181818181818182,0.25,0.7142857142857143,1.0,0.6,0.3968253968253968,0.2173913043478261,0.2830188679245283,0.4761904761904762,0.3076923076923077,0.35294117647058826,0.5952380952380952,0.5263157894736843,0.46875
4,2.0,3.0,0.0,2.0,6.0,0.45454545454545453,0.25,0.3333333333333333,0.7142857142857143,1.0,0.6,0.49019607843137253,0.29411764705882354,0.3658536585365853,0.5555555555555556,0.4,0.42857142857142855,0.6410256410256411,0.625,0.5172413793103449
5,2.0,3.0,0.0,2.0,6.0,0.45454545454545453,0.25,0.3333333333333333,0.7142857142857143,1.0,0.6,0.49019607843137253,0.29411764705882354,0.3658536585365853,0.5555555555555556,0.4,0.42857142857142855,0.6410256410256411,0.625,0.5172413793103449
Best F1 Score at threshold 4,,,,,,,,,,,,,,,,,,,,
