Threshold,TP_Must_Have,TP_Should_Have,FN_Must_Have,FN_Should_Have,FP,Precision,Precision_Must_Have,Precision_Should_Have,Recall,Recall_Must_Have,Recall_Should_Have,F0.5_Score,F0.5_Score_Must_Have,F0.5_Score_Should_Have,F1_Score,F1_Score_Must_Have,F1_Score_Should_Have,F2_Score,F2_Score_Must_Have,F2_Score_Should_Have
1,4.0,3.0,0.0,3.0,25.0,0.21875,0.13793103448275862,0.10714285714285714,0.7,1.0,0.5,0.25362318840579706,0.16666666666666666,0.1271186440677966,0.3333333333333333,0.2424242424242424,0.17647058823529413,0.48611111111111105,0.4444444444444445,0.28846153846153844
2,3.0,2.0,1.0,4.0,11.0,0.3125,0.21428571428571427,0.15384615384615385,0.5,0.75,0.3333333333333333,0.33783783783783783,0.24999999999999997,0.17241379310344826,0.38461538461538464,0.3333333333333333,0.21052631578947367,0.44642857142857145,0.49999999999999994,0.2702702702702703
5,2.0,1.0,2.0,5.0,4.0,0.42857142857142855,0.3333333333333333,0.2,0.3,0.5,0.16666666666666666,0.3947368421052631,0.3571428571428571,0.1923076923076923,0.3529411764705882,0.4,0.1818181818181818,0.3191489361702127,0.45454545454545453,0.17241379310344826
Best F1 Score at threshold 2,,,,,,,,,,,,,,,,,,,,
