Threshold,TP_Must_Have,TP_Should_Have,FN_Must_Have,FN_Should_Have,FP,Precision,Precision_Must_Have,Precision_Should_Have,Recall,Recall_Must_Have,Recall_Should_Have,F0.5_Score,F0.5_Score_Must_Have,F0.5_Score_Should_Have,F1_Score,F1_Score_Must_Have,F1_Score_Should_Have,F2_Score,F2_Score_Must_Have,F2_Score_Should_Have
1,4.0,4.0,0.0,3.0,24.0,0.25,0.14285714285714285,0.14285714285714285,0.7272727272727273,1.0,0.5714285714285714,0.2877697841726619,0.17241379310344823,0.1680672268907563,0.37209302325581395,0.25,0.2285714285714286,0.5263157894736843,0.4545454545454545,0.3571428571428571
2,3.0,3.0,1.0,4.0,10.0,0.375,0.23076923076923078,0.23076923076923078,0.5454545454545454,0.75,0.42857142857142855,0.4,0.26785714285714285,0.2542372881355932,0.4444444444444444,0.3529411764705882,0.3,0.5,0.5172413793103449,0.3658536585365853
3,3.0,2.0,1.0,5.0,5.0,0.5,0.375,0.2857142857142857,0.45454545454545453,0.75,0.2857142857142857,0.4901960784313725,0.4166666666666667,0.2857142857142857,0.47619047619047616,0.5,0.2857142857142857,0.4629629629629629,0.625,0.2857142857142857
4,2.0,1.0,2.0,5.0,5.0,0.375,0.2857142857142857,0.16666666666666666,0.3,0.5,0.16666666666666666,0.35714285714285715,0.3125,0.16666666666666669,0.33333333333333326,0.36363636363636365,0.16666666666666666,0.3125,0.4347826086956521,0.16666666666666669
5,2.0,1.0,2.0,5.0,4.0,0.42857142857142855,0.3333333333333333,0.2,0.3,0.5,0.16666666666666666,0.3947368421052631,0.3571428571428571,0.1923076923076923,0.3529411764705882,0.4,0.1818181818181818,0.3191489361702127,0.45454545454545453,0.17241379310344826
Best F1 Score at threshold 3,,,,,,,,,,,,,,,,,,,,
