Threshold,TP_Must_Have,TP_Should_Have,FN_Must_Have,FN_Should_Have,FP,Precision,Recall,F0.5_Score,F1_Score,F2_Score
1,4,3,0,3,25,0.21875,0.7,0.25362318840579706,0.3333333333333333,0.48611111111111105
2,3,2,1,4,11,0.3125,0.5,0.33783783783783783,0.38461538461538464,0.44642857142857145
5,2,1,2,5,4,0.42857142857142855,0.3,0.3947368421052631,0.3529411764705882,0.3191489361702127
