Threshold,TP_Must_Have,TP_Should_Have,FN_Must_Have,FN_Should_Have,FP,Precision,Recall,F0.5_Score,F1_Score,F2_Score
1,7,7,1,4,32,0.30434782608695654,0.7368421052631579,0.3448275862068966,0.43076923076923074,0.5737704918032787
2,4,4,4,7,14,0.36363636363636365,0.42105263157894735,0.37383177570093457,0.3902439024390244,0.40816326530612246
5,2,1,6,10,8,0.2727272727272727,0.15789473684210525,0.23809523809523808,0.19999999999999998,0.17241379310344826
