Threshold,TP_Must_Have,TP_Should_Have,FN_Must_Have,FN_Should_Have,FP,Precision,Precision_Must_Have,Precision_Should_Have,Recall,Recall_Must_Have,Recall_Should_Have,F0.5_Score,F0.5_Score_Must_Have,F0.5_Score_Should_Have,F1_Score,F1_Score_Must_Have,F1_Score_Should_Have,F2_Score,F2_Score_Must_Have,F2_Score_Should_Have
1,8.0,8.0,1.0,4.0,29.0,0.35555555555555557,0.21621621621621623,0.21621621621621623,0.7619047619047619,0.8888888888888888,0.6666666666666666,0.3980099502487563,0.25477707006369427,0.25,0.48484848484848486,0.34782608695652173,0.326530612244898,0.6201550387596899,0.547945205479452,0.47058823529411764
2,5.0,5.0,4.0,7.0,12.0,0.45454545454545453,0.29411764705882354,0.29411764705882354,0.47619047619047616,0.5555555555555556,0.4166666666666667,0.45871559633027514,0.3246753246753247,0.3125,0.46511627906976744,0.3846153846153846,0.3448275862068966,0.4716981132075471,0.4716981132075471,0.38461538461538464
3,5.0,2.0,4.0,10.0,9.0,0.4375,0.35714285714285715,0.18181818181818182,0.3333333333333333,0.5555555555555556,0.16666666666666666,0.41176470588235287,0.3846153846153846,0.1785714285714286,0.37837837837837834,0.43478260869565216,0.17391304347826086,0.3499999999999999,0.5,0.16949152542372883
4,3.0,2.0,6.0,10.0,6.0,0.45454545454545453,0.3333333333333333,0.25,0.23809523809523808,0.3333333333333333,0.16666666666666666,0.3846153846153845,0.33333333333333337,0.22727272727272727,0.31249999999999994,0.3333333333333333,0.2,0.2631578947368421,0.33333333333333337,0.17857142857142855
5,3.0,2.0,6.0,10.0,6.0,0.45454545454545453,0.3333333333333333,0.25,0.23809523809523808,0.3333333333333333,0.16666666666666666,0.3846153846153845,0.33333333333333337,0.22727272727272727,0.31249999999999994,0.3333333333333333,0.2,0.2631578947368421,0.33333333333333337,0.17857142857142855
Best F1 Score at threshold 1,,,,,,,,,,,,,,,,,,,,
