Threshold,TP_Must_Have,TP_Should_Have,FN_Must_Have,FN_Should_Have,FP,Precision,Precision_Must_Have,Precision_Should_Have,Recall,Recall_Must_Have,Recall_Should_Have,F0.5_Score,F0.5_Score_Must_Have,F0.5_Score_Should_Have,F1_Score,F1_Score_Must_Have,F1_Score_Should_Have,F2_Score,F2_Score_Must_Have,F2_Score_Should_Have
1,7.0,4.0,4.0,0.0,27.0,0.2894736842105263,0.20588235294117646,0.12903225806451613,0.7333333333333333,0.6363636363636364,1.0,0.3293413173652695,0.23809523809523808,0.15625,0.4150943396226416,0.3111111111111111,0.2285714285714286,0.5612244897959183,0.4487179487179487,0.425531914893617
2,5.0,3.0,5.0,1.0,14.0,0.36363636363636365,0.2631578947368421,0.17647058823529413,0.5714285714285714,0.5,0.75,0.392156862745098,0.2906976744186046,0.20833333333333334,0.4444444444444444,0.3448275862068966,0.2857142857142857,0.5128205128205127,0.423728813559322,0.4545454545454545
3,4.0,0.0,6.0,4.0,7.0,0.36363636363636365,0.36363636363636365,0.0,0.2857142857142857,0.4,0.0,0.3448275862068965,0.3703703703703704,0.0,0.32,0.380952380952381,0.0,0.29850746268656714,0.39215686274509814,0.0
4,3.0,0.0,6.0,4.0,6.0,0.3333333333333333,0.3333333333333333,0.0,0.23076923076923078,0.3333333333333333,0.0,0.30612244897959184,0.33333333333333337,0.0,0.27272727272727276,0.3333333333333333,0.0,0.24590163934426232,0.33333333333333337,0.0
5,3.0,0.0,6.0,4.0,5.0,0.375,0.375,0.0,0.23076923076923078,0.3333333333333333,0.0,0.3333333333333333,0.36585365853658536,0.0,0.2857142857142857,0.35294117647058826,0.0,0.25,0.34090909090909094,0.0
Best F1 Score at threshold 2,,,,,,,,,,,,,,,,,,,,
