Threshold,TP_Must_Have,TP_Should_Have,FN_Must_Have,FN_Should_Have,FP,Precision,Recall,F0.5_Score,F1_Score,F2_Score
1,5,4,4,0,29,0.23684210526315788,0.6923076923076923,0.2727272727272727,0.35294117647058826,0.5
2,4,3,5,1,15,0.3181818181818182,0.5384615384615384,0.3465346534653465,0.39999999999999997,0.47297297297297297
5,3,0,6,4,5,0.375,0.23076923076923078,0.3333333333333333,0.2857142857142857,0.25
