Threshold,TP_Must_Have,TP_Should_Have,FN_Must_Have,FN_Should_Have,FP,Precision,Precision_Must_Have,Precision_Should_Have,Recall,Recall_Must_Have,Recall_Should_Have,F0.5_Score,F0.5_Score_Must_Have,F0.5_Score_Should_Have,F1_Score,F1_Score_Must_Have,F1_Score_Should_Have,F2_Score,F2_Score_Must_Have,F2_Score_Should_Have
1,5.0,4.0,4.0,0.0,29.0,0.23684210526315788,0.14705882352941177,0.12121212121212122,0.6923076923076923,0.5555555555555556,1.0,0.2727272727272727,0.17241379310344826,0.14705882352941177,0.35294117647058826,0.23255813953488372,0.21621621621621626,0.5,0.35714285714285715,0.40816326530612246
2,4.0,3.0,5.0,1.0,15.0,0.3181818181818182,0.21052631578947367,0.16666666666666666,0.5384615384615384,0.4444444444444444,0.75,0.3465346534653465,0.23529411764705882,0.19736842105263158,0.39999999999999997,0.2857142857142857,0.27272727272727276,0.47297297297297297,0.36363636363636365,0.44117647058823534
5,3.0,0.0,6.0,4.0,5.0,0.375,0.375,0.0,0.23076923076923078,0.3333333333333333,0.0,0.3333333333333333,0.36585365853658536,0.0,0.2857142857142857,0.35294117647058826,0.0,0.25,0.34090909090909094,0.0
Best F1 Score at threshold 2,,,,,,,,,,,,,,,,,,,,
