Threshold,TP_Must_Have,TP_Should_Have,FN_Must_Have,FN_Should_Have,FP,Precision,Precision_Must_Have,Precision_Should_Have,Recall,Recall_Must_Have,Recall_Should_Have,F0.5_Score,F0.5_Score_Must_Have,F0.5_Score_Should_Have,F1_Score,F1_Score_Must_Have,F1_Score_Should_Have,F2_Score,F2_Score_Must_Have,F2_Score_Should_Have
1,3.0,3.0,0.0,3.0,40.0,0.13043478260869565,0.06976744186046512,0.06976744186046512,0.6666666666666666,1.0,0.5,0.15544041450777202,0.08571428571428572,0.08426966292134831,0.21818181818181817,0.13043478260869565,0.12244897959183673,0.36585365853658536,0.2727272727272727,0.22388059701492535
2,3.0,1.0,0.0,5.0,23.0,0.14814814814814814,0.11538461538461539,0.041666666666666664,0.4444444444444444,1.0,0.16666666666666666,0.17094017094017092,0.14018691588785048,0.04901960784313726,0.2222222222222222,0.20689655172413793,0.06666666666666667,0.31746031746031744,0.39473684210526316,0.10416666666666667
5,3.0,1.0,0.0,5.0,11.0,0.26666666666666666,0.21428571428571427,0.08333333333333333,0.4444444444444444,1.0,0.16666666666666666,0.2898550724637681,0.2542372881355932,0.0925925925925926,0.33333333333333337,0.35294117647058826,0.1111111111111111,0.39215686274509803,0.5769230769230769,0.1388888888888889
Best F1 Score at threshold 5,,,,,,,,,,,,,,,,,,,,
