Threshold,TP_Must_Have,TP_Should_Have,FN_Must_Have,FN_Should_Have,FP,Precision,Recall,F0.5_Score,F1_Score,F2_Score
1,3,3,0,3,40,0.13043478260869565,0.6666666666666666,0.15544041450777202,0.21818181818181817,0.36585365853658536
2,3,1,0,5,23,0.14814814814814814,0.4444444444444444,0.17094017094017092,0.2222222222222222,0.31746031746031744
5,3,1,0,5,11,0.26666666666666666,0.4444444444444444,0.2898550724637681,0.33333333333333337,0.39215686274509803
