Threshold,TP_Must_Have,TP_Should_Have,FN_Must_Have,FN_Should_Have,FP,Precision,Precision_Must_Have,Precision_Should_Have,Recall,Recall_Must_Have,Recall_Should_Have,F0.5_Score,F0.5_Score_Must_Have,F0.5_Score_Should_Have,F1_Score,F1_Score_Must_Have,F1_Score_Should_Have,F2_Score,F2_Score_Must_Have,F2_Score_Should_Have
1,3.0,4.0,0.0,3.0,39.0,0.15217391304347827,0.07142857142857142,0.09302325581395349,0.7,1.0,0.5714285714285714,0.1804123711340206,0.08771929824561403,0.11173184357541897,0.25,0.13333333333333333,0.16,0.40697674418604646,0.2777777777777778,0.2816901408450704
2,3.0,2.0,0.0,5.0,22.0,0.18518518518518517,0.12,0.08333333333333333,0.5,1.0,0.2857142857142857,0.211864406779661,0.14563106796116504,0.09708737864077671,0.2702702702702703,0.21428571428571425,0.12903225806451613,0.3731343283582089,0.4054054054054054,0.1923076923076923
3,3.0,2.0,0.0,5.0,17.0,0.22727272727272727,0.15,0.10526315789473684,0.5,1.0,0.2857142857142857,0.25510204081632654,0.18072289156626503,0.12048192771084339,0.3125,0.2608695652173913,0.15384615384615385,0.4032258064516128,0.46875,0.2127659574468085
4,3.0,2.0,0.0,5.0,13.0,0.2777777777777778,0.1875,0.13333333333333333,0.5,1.0,0.2857142857142857,0.3048780487804878,0.22388059701492538,0.1492537313432836,0.35714285714285715,0.3157894736842105,0.18181818181818182,0.43103448275862066,0.5357142857142857,0.23255813953488372
5,3.0,2.0,0.0,5.0,10.0,0.3333333333333333,0.23076923076923078,0.16666666666666666,0.5,1.0,0.2857142857142857,0.3571428571428571,0.27272727272727276,0.1818181818181818,0.4,0.375,0.2105263157894737,0.45454545454545453,0.6000000000000001,0.25
Best F1 Score at threshold 5,,,,,,,,,,,,,,,,,,,,
