Threshold,TP_Must_Have,TP_Should_Have,FN_Must_Have,FN_Should_Have,FP,Precision,Recall,F0.5_Score,F1_Score,F2_Score
1,5,8,3,2,36,0.2653061224489796,0.7222222222222222,0.3037383177570093,0.3880597014925374,0.5371900826446281
2,5,2,3,8,13,0.35,0.3888888888888889,0.3571428571428571,0.36842105263157887,0.3804347826086956
5,4,0,4,10,3,0.5714285714285714,0.2222222222222222,0.43478260869565216,0.32,0.2531645569620253
