Threshold,TP_Must_Have,TP_Should_Have,FN_Must_Have,FN_Should_Have,FP,Precision,Precision_Must_Have,Precision_Should_Have,Recall,Recall_Must_Have,Recall_Should_Have,F0.5_Score,F0.5_Score_Must_Have,F0.5_Score_Should_Have,F1_Score,F1_Score_Must_Have,F1_Score_Should_Have,F2_Score,F2_Score_Must_Have,F2_Score_Should_Have
1,5.0,8.0,3.0,2.0,36.0,0.2653061224489796,0.12195121951219512,0.18181818181818182,0.7222222222222222,0.625,0.8,0.3037383177570093,0.14534883720930233,0.21505376344086025,0.3880597014925374,0.20408163265306123,0.2962962962962963,0.5371900826446281,0.3424657534246575,0.4761904761904763
2,5.0,2.0,3.0,8.0,13.0,0.35,0.2777777777777778,0.13333333333333333,0.3888888888888889,0.625,0.2,0.3571428571428571,0.3125,0.14285714285714285,0.36842105263157887,0.3846153846153846,0.16,0.3804347826086956,0.5,0.1818181818181818
5,4.0,0.0,4.0,10.0,3.0,0.5714285714285714,0.5714285714285714,0.0,0.2222222222222222,0.5,0.0,0.43478260869565216,0.5555555555555556,0.0,0.32,0.5333333333333333,0.0,0.2531645569620253,0.5128205128205128,0.0
Best F1 Score at threshold 1,,,,,,,,,,,,,,,,,,,,
