Threshold,TP_Must_Have,TP_Should_Have,FN_Must_Have,FN_Should_Have,FP,Precision,Recall,F0.5_Score,F1_Score,F2_Score
1,4,3,2,3,40,0.14893617021276595,0.5833333333333334,0.175,0.23728813559322032,0.3684210526315789
2,3,3,3,3,10,0.375,0.5,0.39473684210526316,0.42857142857142855,0.46875
5,2,0,4,6,2,0.5,0.16666666666666666,0.35714285714285715,0.25,0.1923076923076923
