Threshold,TP_Must_Have,TP_Should_Have,FN_Must_Have,FN_Should_Have,FP,Precision,Precision_Must_Have,Precision_Should_Have,Recall,Recall_Must_Have,Recall_Should_Have,F0.5_Score,F0.5_Score_Must_Have,F0.5_Score_Should_Have,F1_Score,F1_Score_Must_Have,F1_Score_Should_Have,F2_Score,F2_Score_Must_Have,F2_Score_Should_Have
1,4.0,3.0,2.0,3.0,40.0,0.14893617021276595,0.09090909090909091,0.06976744186046512,0.5833333333333334,0.6666666666666666,0.5,0.175,0.1098901098901099,0.08426966292134831,0.23728813559322032,0.16,0.12244897959183673,0.3684210526315789,0.29411764705882354,0.22388059701492535
2,3.0,3.0,3.0,3.0,10.0,0.375,0.23076923076923078,0.23076923076923078,0.5,0.5,0.5,0.39473684210526316,0.25862068965517243,0.25862068965517243,0.42857142857142855,0.3157894736842105,0.3157894736842105,0.46875,0.40540540540540543,0.40540540540540543
5,2.0,0.0,4.0,6.0,2.0,0.5,0.5,0.0,0.16666666666666666,0.3333333333333333,0.0,0.35714285714285715,0.45454545454545453,0.0,0.25,0.4,0.0,0.1923076923076923,0.3571428571428571,0.0
Best F1 Score at threshold 2,,,,,,,,,,,,,,,,,,,,
